{"losses": {"0": 8.212676811218262, "1": 9.887291622161865, "2": 9.103188467025756, "3": 6.509720659255981, "4": 7.651348304748535, "5": 7.970537948608398, "6": 6.961225700378418, "7": 5.775897645950318, "8": 8.659782648086548, "9": 6.718344879150391, "10": 6.931827068328857, "11": 12.079439067840577, "12": 7.426681327819824, "13": 7.573822021484375, "14": 6.409271717071533}, "std_losses": {"0": 1.9029691635222263, "1": 7.7666109573004585, "2": 4.337831221093249, "3": 3.500539102182743, "4": 2.3241411050127896, "5": 1.9703178112528519, "6": 1.6052900696474453, "7": 1.7078317628118762, "8": 4.720975044105262, "9": 2.4446556003447624, "10": 2.565800298310915, "11": 2.6961383541496846, "12": 3.4132086124345973, "13": 3.350240847942069, "14": 2.2176444514921747}, "accs": {"0": 0.8922424390987315, "1": 0.954755622652313, "2": 0.9213234472785473, "3": 0.9359337935346168, "4": 0.9050742536998007, "5": 0.8943243651640855, "6": 0.9532505489150406, "7": 0.8977167418782471, "8": 0.904696189585847, "9": 0.9634444793574829, "10": 0.962780891356062, "11": 0.9118084057834901, "12": 0.9169526498968444, "13": 0.9267302585739353, "14": 0.9520943238801861}, "std_accs": {"0": 0.06841534477630233, "1": 0.032471412013413206, "2": 0.09808800898080988, "3": 0.06542869761613433, "4": 0.13395996034150995, "5": 0.06779244316748329, "6": 0.029831576833383718, "7": 0.0722170060870125, "8": 0.058499437025992786, "9": 0.03365502401014306, "10": 0.033123359135388504, "11": 0.04266846659925894, "12": 0.10119546449201007, "13": 0.04342814293358205, "14": 0.024046245867898077}}