{"losses": {"0": 19.667284774780274, "1": 76.65883598327636, "2": 41.55732650756836, "3": 29.393929100036623, "4": 26.566420364379884, "5": 57.84938774108887, "6": 76.10123062133789, "7": 68.94207878112793, "8": 64.20418548583984, "9": 86.86600322723389, "10": 40.38499145507812, "11": 48.586328125, "12": 55.6727653503418, "13": 71.91429386138915, "14": 36.588167381286624}, "std_losses": {"0": 7.503773161838041, "1": 76.77477812258779, "2": 21.61866065603869, "3": 20.161177441066748, "4": 15.887336364423644, "5": 52.658516560131964, "6": 55.285755981178156, "7": 40.939473919250936, "8": 36.01979452868839, "9": 48.76019600598098, "10": 44.493846527528845, "11": 29.55861398985165, "12": 35.72023384142144, "13": 60.01491577293705, "14": 44.98812724605977}, "accs": {"0": 0.22377839560387897, "1": 0.6649475603916627, "2": 0.004242500842601955, "3": 0.04328241284763024, "4": 0.059370608026575435, "5": 0.18214598300409, "6": 0.2527909199340751, "7": 0.22756445911160314, "8": 0.4368183075479789, "9": 0.4980343045232985, "10": 0.37092241107616913, "11": 0.16059146820326403, "12": 0.09594804406497377, "13": 0.23239082134118844, "14": 0.2905133831143888}, "std_accs": {"0": 0.22397017640638606, "1": 0.0775617851664734, "2": 0.006015369524589528, "3": 0.07997949815305763, "4": 0.0896697428817831, "5": 0.13468157815692636, "6": 0.329203495428488, "7": 0.27897583645777846, "8": 0.27471334602373937, "9": 0.24230864612051267, "10": 0.21321644668539347, "11": 0.19440626947329637, "12": 0.08969499113144075, "13": 0.22803234374362066, "14": 0.17308972332284783}}