{"losses": {"0": 70.80447902679444, "1": 88.70756652355195, "2": 88.28252391815185, "3": 47.42471638917923, "4": 48.10067995786667, "5": 64.97836394309998, "6": 52.10502634644509, "7": 31.530285608768462, "8": 68.90543931126595, "9": 52.692910766601564, "10": 29.812697315216063, "11": 49.36788786649704, "12": 49.29886718392372, "13": 27.127543687820435, "14": 42.41965485811234}, "std_losses": {"0": 47.1214838169939, "1": 61.12157557723141, "2": 48.34331681087843, "3": 34.383392315508644, "4": 53.61694616170689, "5": 56.1694782269615, "6": 24.315651644759637, "7": 17.06837921181927, "8": 36.14401919311398, "9": 31.83004943881355, "10": 14.953910090434688, "11": 43.21249855316602, "12": 36.40113342793761, "13": 18.53068797694959, "14": 35.50399257719109}, "accs": {"0": 0.38737963554952237, "1": 0.46660837659287396, "2": 0.6730983675462414, "3": 0.4332936779301971, "4": 0.2835709099796568, "5": 0.43996412156860576, "6": 0.3257013355032584, "7": 0.3716270760272613, "8": 0.540936018198573, "9": 0.6064132499936387, "10": 0.7570941463274441, "11": 0.4484233411707105, "12": 0.6714255498159171, "13": 0.25116405103239847, "14": 0.9357909696389892}, "std_accs": {"0": 0.2426133279687802, "1": 0.3813923987938139, "2": 0.196710186985361, "3": 0.40326036092007694, "4": 0.3509400645228505, "5": 0.3813424066463655, "6": 0.4010041246759974, "7": 0.45579285911603834, "8": 0.34001139667922126, "9": 0.36253984666173467, "10": 0.37954027171608534, "11": 0.3755118901298224, "12": 0.34748540211009854, "13": 0.23608917954491698, "14": 0.040001673590935136}}