{"losses": {"0": 11.1026047706604, "1": 9.638444232940675, "2": 9.484658813476562, "3": 7.982674312591553, "4": 8.653622341156005, "5": 6.6871847152709964, "6": 7.220929718017578, "7": 6.580676651000976, "8": 5.657203483581543, "9": 7.543014717102051, "10": 5.760999536514282, "11": 8.285439586639404, "12": 8.836313915252685, "13": 6.842440986633301, "14": 6.779555606842041}, "std_losses": {"0": 3.309132673681934, "1": 1.6679264964850824, "2": 1.9484688978225146, "3": 1.7035693990411755, "4": 3.340819889521213, "5": 1.5892765572298742, "6": 1.2197039287492877, "7": 1.7587078712912532, "8": 0.8368982263873999, "9": 2.9624488116537524, "10": 2.8178581598934254, "11": 3.5079288192520224, "12": 2.711873490444999, "13": 1.5206592439895736, "14": 2.0083172386295605}, "accs": {"0": 0.9692639363052624, "1": 0.8786461064331078, "2": 0.9063951797189294, "3": 0.9728844483623064, "4": 0.8908534144200482, "5": 0.9176053879442, "6": 0.854470059259057, "7": 0.861431323585108, "8": 0.9227039175758472, "9": 0.8888078311837664, "10": 0.9654094633072855, "11": 0.9447921716425303, "12": 0.8702954982574802, "13": 0.864567762598338, "14": 0.9339104883654825}, "std_accs": {"0": 0.004538228900684838, "1": 0.09373336949544994, "2": 0.09063387060187672, "3": 0.01144227538504877, "4": 0.07690932674817011, "5": 0.058073924126005656, "6": 0.05875763947068461, "7": 0.13515498434973774, "8": 0.06746017855981903, "9": 0.10293788055433521, "10": 0.025026723140164433, "11": 0.04968957250066657, "12": 0.05560070830905874, "13": 0.0786553210019446, "14": 0.06489520209391018}}