{"losses": {"0": 8.723534393310548, "1": 10.457653617858886, "2": 9.405964279174805, "3": 8.995332717895508, "4": 7.587446117401123, "5": 6.974313449859619, "6": 7.11564998626709, "7": 5.650890827178955, "8": 7.9087224960327145, "9": 6.2889516115188595, "10": 8.421524047851562, "11": 6.994358158111572, "12": 7.569818592071533, "13": 7.554976749420166, "14": 8.154860591888427}, "std_losses": {"0": 2.8592288163778576, "1": 1.6258741511481898, "2": 2.0337334956492894, "3": 0.920650687938666, "4": 2.9625261685046063, "5": 3.1379120778126306, "6": 1.7407681593154156, "7": 2.406881611685259, "8": 2.01440695007111, "9": 2.601062463764182, "10": 0.6164875642486376, "11": 2.1049674715612388, "12": 1.962568493663806, "13": 0.9344754693183037, "14": 2.2137020182659017}, "accs": {"0": 0.8903073184891891, "1": 0.88903913421361, "2": 0.8894626699911792, "3": 0.912714630542564, "4": 0.9087926472827729, "5": 0.9703436535301014, "6": 0.9113753612023666, "7": 0.9753802051376477, "8": 0.8653158063022479, "9": 0.9340564542791355, "10": 0.9192578185115499, "11": 0.9653581016273434, "12": 0.9267044325327684, "13": 0.9253466256838699, "14": 0.927681591207438}, "std_accs": {"0": 0.073281638263491, "1": 0.09666072946238335, "2": 0.06410648064167623, "3": 0.09005959049842595, "4": 0.08310184327471364, "5": 0.017599625676038812, "6": 0.04476072307865598, "7": 0.019616424942630963, "8": 0.09819677011469326, "9": 0.0777714888762261, "10": 0.06941890349257121, "11": 0.017302977629084768, "12": 0.04792438422474408, "13": 0.10540063120830268, "14": 0.0697079758561195}}