{"losses": {"0": 0.06533063719754448, "1": 0.070242088537598, "2": 0.06910765720771185, "3": 0.06640028405456058, "4": 0.06271547225573144, "5": 0.053800461260120655, "6": 0.05991009059284182, "7": 0.060154466488101986, "8": 0.062252935804008605, "9": 0.055641909885352794, "10": 0.07303966547176778, "11": 0.05204302038383326, "12": 0.05085229576105314, "13": 0.04739209008461951, "14": 0.04134165997554151}, "std_losses": {"0": 0.008875228983667674, "1": 0.007480917958575866, "2": 0.008429637800294373, "3": 0.012474077708571661, "4": 0.016602431302894686, "5": 0.011039810752752434, "6": 0.021336302566845364, "7": 0.022357367328463343, "8": 0.02445373439095307, "9": 0.01821973076990669, "10": 0.017366837613286393, "11": 0.01970833906004154, "12": 0.008876352769284574, "13": 0.011075892499006677, "14": 0.014429569454639078}, "accs": {"0": 0.3513448765248965, "1": 0.2895586712226942, "2": 0.3147935381907556, "3": 0.29686469693804807, "4": 0.5510085612218389, "5": 0.5061652737547632, "6": 0.4633990968983145, "7": 0.38532909097879664, "8": 0.3585901633752856, "9": 0.43325196632321594, "10": 0.22461139960161228, "11": 0.648467296779799, "12": 0.6804094754561354, "13": 0.783578554263698, "14": 0.8260997912895707}, "std_accs": {"0": 0.35628058979890376, "1": 0.20727836142091097, "2": 0.3620630647313185, "3": 0.3130739690826115, "4": 0.45159628269199387, "5": 0.2529682247001448, "6": 0.306727915159751, "7": 0.34667779151159467, "8": 0.3144304723898799, "9": 0.36106307130804816, "10": 0.2805664507810302, "11": 0.33076914259202794, "12": 0.17485383825807768, "13": 0.15813360219840095, "14": 0.18651204289118176}}