{"losses": {"0": 0.06991909538871366, "1": 0.0695541341120152, "2": 0.06715252849286721, "3": 0.06565940285991577, "4": 0.07565762200156692, "5": 0.06639685962569775, "6": 0.0652701582061273, "7": 0.060451146301707046, "8": 0.05803358812225705, "9": 0.054906550134447965, "10": 0.05419126548605672, "11": 0.061620946651511854, "12": 0.0521555376886824, "13": 0.039273613011218234, "14": 0.03740439721766052}, "std_losses": {"0": 0.006932530452392878, "1": 0.00734233825138741, "2": 0.006187680736705845, "3": 0.012287552404333749, "4": 0.007658371196987937, "5": 0.006475588230194593, "6": 0.012949461693058807, "7": 0.00711173517067209, "8": 0.013590808989173211, "9": 0.01239637633143225, "10": 0.006855579089250549, "11": 0.011796282700369176, "12": 0.019991033970022682, "13": 0.014319789792336488, "14": 0.016571603543174114}, "accs": {"0": 0.3949065905501657, "1": 0.389320699046069, "2": 0.39117059871273485, "3": 0.40340960413730953, "4": 0.09772471319016049, "5": 0.34625867774097313, "6": 0.5202028930783701, "7": 0.5388389156884458, "8": 0.4720580508471725, "9": 0.40233179766567717, "10": 0.7336259249869145, "11": 0.507310301008308, "12": 0.47642394797144466, "13": 0.6934714536471509, "14": 0.7781681699520255}, "std_accs": {"0": 0.34949622245698764, "1": 0.336062333861863, "2": 0.32421471914130295, "3": 0.33812871025632885, "4": 0.17395686023751686, "5": 0.181396328254678, "6": 0.3213154347020529, "7": 0.10909403255181896, "8": 0.2563064100303699, "9": 0.25093337379779507, "10": 0.16521241764846697, "11": 0.38484445762877245, "12": 0.3747673339821053, "13": 0.31525427963564895, "14": 0.2934343886300527}}