{"losses": {"0": 8.027751350402832, "1": 8.739266872406006, "2": 9.273204851150513, "3": 7.645565223693848, "4": 7.3606727600097654, "5": 8.86935133934021, "6": 10.14212007522583, "7": 7.510524129867553, "8": 5.571960401535034, "9": 9.263921070098878, "10": 5.734195899963379, "11": 7.05210247039795, "12": 5.708713054656982, "13": 6.306242752075195, "14": 7.052819347381591}, "std_losses": {"0": 2.262068457381688, "1": 1.7505359909860303, "2": 5.544504877037202, "3": 1.7725833560664255, "4": 1.1371711575054952, "5": 4.4741691789983244, "6": 4.243032139497923, "7": 4.477216110136378, "8": 1.7311718632931865, "9": 2.633067875536924, "10": 3.179384157900443, "11": 2.93006606730212, "12": 1.099138273119551, "13": 1.6730719714787745, "14": 2.6018609095439706}, "accs": {"0": 0.9163452256498322, "1": 0.9051685995654039, "2": 0.9223923514035459, "3": 0.8202385414631953, "4": 0.9006095340389217, "5": 0.8741843623542639, "6": 0.8932450754242172, "7": 0.891210522590278, "8": 0.9183588429480766, "9": 0.92906753995249, "10": 0.9021538945086895, "11": 0.955354612485085, "12": 0.9257694781176422, "13": 0.9534830038439093, "14": 0.8526929985817311}, "std_accs": {"0": 0.05090692572041273, "1": 0.061756807463184835, "2": 0.08780531398848197, "3": 0.08659613244640722, "4": 0.07175602217618574, "5": 0.10967058279305895, "6": 0.0990009440780036, "7": 0.11625310562148315, "8": 0.07422692359026961, "9": 0.054282894497795234, "10": 0.10833858875998231, "11": 0.02623996199853014, "12": 0.06875889716787983, "13": 0.030852947104242422, "14": 0.05048450164083451}}