{"losses": {"0": 10.990853309631348, "1": 9.744400882720948, "2": 9.400149536132812, "3": 9.439094257354736, "4": 7.029090213775635, "5": 6.184018611907959, "6": 11.880757236480713, "7": 6.007537841796875, "8": 7.318870735168457, "9": 5.179552173614502, "10": 6.119276905059815, "11": 8.601858043670655, "12": 6.652455234527588, "13": 6.823909282684326, "14": 8.413388633728028}, "std_losses": {"0": 1.9689884107250675, "1": 3.134704563574348, "2": 1.250461954556728, "3": 4.2708972611408935, "4": 1.6372644898591746, "5": 2.7768852003209514, "6": 6.629390437067104, "7": 0.45447415459955004, "8": 2.7511448736147828, "9": 1.2549112955819721, "10": 2.6762198949678573, "11": 6.103678244961298, "12": 1.373661464051313, "13": 1.5776958070314446, "14": 3.3345877843747607}, "accs": {"0": 0.8711687545013878, "1": 0.9038637402918296, "2": 0.9079400759705875, "3": 0.9211732355031517, "4": 0.9394114485841746, "5": 0.9243161200401435, "6": 0.9309048330606415, "7": 0.9379131738006888, "8": 0.9278225112812859, "9": 0.8951233493341999, "10": 0.9057080496324579, "11": 0.8947652430012573, "12": 0.957742694227437, "13": 0.8984210706539459, "14": 0.905851967560702}, "std_accs": {"0": 0.0972320041128271, "1": 0.07184331582804843, "2": 0.1300090912011614, "3": 0.07753433862222771, "4": 0.03915347151258638, "5": 0.08754163454013549, "6": 0.07169638132444874, "7": 0.05622794666288113, "8": 0.07145809100287283, "9": 0.09872074110879944, "10": 0.07775662394147985, "11": 0.087825311074021, "12": 0.028871425794743624, "13": 0.10853838513143357, "14": 0.09802800458413656}}