{"losses": {"0": 0.0728041100677687, "1": 0.06759196852009783, "2": 0.06512594895707816, "3": 0.06237756619814753, "4": 0.06855099971050546, "5": 0.06550117611674341, "6": 0.06856833457286601, "7": 0.058972071367641675, "8": 0.06142892513682201, "9": 0.05372552216879478, "10": 0.059711330555057576, "11": 0.05424395187944144, "12": 0.049935219252187926, "13": 0.045496445137947435, "14": 0.03891843190473609}, "std_losses": {"0": 0.0025652389838611896, "1": 0.0030244392070436898, "2": 0.009338217146062864, "3": 0.005959205850614752, "4": 0.007998615701646724, "5": 0.014958712528985146, "6": 0.014854076031807367, "7": 0.00752127289271768, "8": 0.013616973396416834, "9": 0.011466780662524262, "10": 0.0092224894277615, "11": 0.013740081388922064, "12": 0.01374496137938377, "13": 0.00925908302890267, "14": 0.005978339901993061}, "accs": {"0": 0.3333018108176473, "1": 0.6379084360903834, "2": 0.40860859443977293, "3": 0.5371710373843804, "4": 0.5046251937005404, "5": 0.35426929322798834, "6": 0.320065541971313, "7": 0.3830178963430397, "8": 0.4767275417686558, "9": 0.7112807631714915, "10": 0.481463381300525, "11": 0.5493143869433845, "12": 0.645851110373163, "13": 0.8333982375499567, "14": 0.9201733461219274}, "std_accs": {"0": 0.28575270154635024, "1": 0.15247272961645575, "2": 0.3375221476937326, "3": 0.16208339281614387, "4": 0.37709912210244223, "5": 0.31069939036378774, "6": 0.3574043174592004, "7": 0.2446194730289179, "8": 0.38296904365875284, "9": 0.2332670202849252, "10": 0.29950215264829366, "11": 0.3508120892457903, "12": 0.319841511948821, "13": 0.11511839829277631, "14": 0.061552158090939973}}