{"losses": {"0": 8.804700660705567, "1": 9.894240760803223, "2": 7.657781887054443, "3": 8.129606437683105, "4": 9.930797863006593, "5": 10.950971221923828, "6": 7.8001556396484375, "7": 8.32793731689453, "8": 6.973003101348877, "9": 8.473257350921632, "10": 6.985879302024841, "11": 8.065098857879638, "12": 6.039823865890503, "13": 7.3028257369995115, "14": 6.203814888000489}, "std_losses": {"0": 2.0510495105161444, "1": 1.7247041553651723, "2": 1.780294680676954, "3": 1.8130130956371147, "4": 1.8583538018368055, "5": 2.389277747658171, "6": 1.587696876068322, "7": 1.661594461615805, "8": 3.2848025872634516, "9": 1.8009412477594078, "10": 2.754396261165519, "11": 0.7315306104681563, "12": 2.8968702113469282, "13": 1.1126739502066825, "14": 1.2604052759512716}, "accs": {"0": 0.8559011642474316, "1": 0.8862135904946351, "2": 0.9436126974430928, "3": 0.9430885009765329, "4": 0.8860452794025546, "5": 0.9216483604410286, "6": 0.9040452068663383, "7": 0.8364831862164058, "8": 0.9689894440123272, "9": 0.9186370294710133, "10": 0.9357893491433515, "11": 0.9245154903058618, "12": 0.9066925632943648, "13": 0.9473181707075845, "14": 0.8627317260384062}, "std_accs": {"0": 0.06148307642625476, "1": 0.0830269750770078, "2": 0.02910824865398348, "3": 0.029751623707333783, "4": 0.06128183024465667, "5": 0.04609397476979273, "6": 0.05723371111772933, "7": 0.0665271317749016, "8": 0.01742978112107565, "9": 0.0666609664239422, "10": 0.077960884759675, "11": 0.06276447707536197, "12": 0.12282938259221221, "13": 0.038031451234063235, "14": 0.08322352779316815}}