{"losses": {"0": 0.06727536349344251, "1": 0.06299035766078676, "2": 0.06430432259491962, "3": 0.0693214768869627, "4": 0.06318229982631691, "5": 0.05533769635414343, "6": 0.06576185171034263, "7": 0.06049274158192921, "8": 0.0655739967210128, "9": 0.05088483765751437, "10": 0.0520893706519169, "11": 0.05242658409994407, "12": 0.05226555067863285, "13": 0.06134944896699712, "14": 0.05879464560235499}, "std_losses": {"0": 0.010754623652737563, "1": 0.006734098431762401, "2": 0.007700378465705948, "3": 0.003954073649979818, "4": 0.004824283642359865, "5": 0.012126806502886988, "6": 0.012822307690213346, "7": 0.01785683634609368, "8": 0.012280603264568089, "9": 0.019453584170773325, "10": 0.014423907207684468, "11": 0.016190891314771527, "12": 0.024315396927616112, "13": 0.023305643177571948, "14": 0.018382273541310203}, "accs": {"0": 0.5124670848162144, "1": 0.5643070703080123, "2": 0.5413214796012736, "3": 0.3033245272734323, "4": 0.598488110926475, "5": 0.6985591982446266, "6": 0.2656120124824917, "7": 0.4275452888782022, "8": 0.2560050437238199, "9": 0.49869103928869085, "10": 0.4758920169635584, "11": 0.561763399869382, "12": 0.45780215960851606, "13": 0.3204908084814021, "14": 0.38371375745892183}, "std_accs": {"0": 0.2695673461188538, "1": 0.17619573072315972, "2": 0.305391423118757, "3": 0.2990185109454061, "4": 0.27845356924331516, "5": 0.3169904579312586, "6": 0.331015547982657, "7": 0.3638898570936205, "8": 0.3545278149292876, "9": 0.4081165563356771, "10": 0.337620005779169, "11": 0.3391228035922092, "12": 0.37410061398149774, "13": 0.3387208360109087, "14": 0.3932373054201047}}