{"losses": {"0": 74.9035528421402, "1": 59.345612502098085, "2": 81.04400572776794, "3": 61.42347223758698, "4": 70.82980761528015, "5": 61.342702662944795, "6": 67.40312561392784, "7": 69.77375208139419, "8": 52.35847818851471, "9": 43.67416868209839, "10": 36.11944932937622, "11": 28.551572197675704, "12": 42.72128673791885, "13": 41.457658195495604, "14": 17.4053737282753}, "std_losses": {"0": 45.35549253999071, "1": 60.44888851529927, "2": 67.10382948227296, "3": 49.93593660250631, "4": 37.93882352005172, "5": 43.15521294279764, "6": 36.16115982316931, "7": 41.69402580231509, "8": 24.97496666111598, "9": 25.345324096529474, "10": 10.725265461212935, "11": 21.803376830728183, "12": 33.71100868088957, "13": 25.248895931549743, "14": 10.091023443837775}, "accs": {"0": 0.4964956466146647, "1": 0.22745390502335563, "2": 0.29634586345253155, "3": 0.3372035439884739, "4": 0.5915462021068529, "5": 0.53828663636264, "6": 0.826779973829391, "7": 0.48462046655027124, "8": 0.722309255614481, "9": 0.2235156718498977, "10": 0.4250645820158086, "11": 0.6054815698162554, "12": 0.5279964163466516, "13": 0.584585997827296, "14": 0.4181140153288182}, "std_accs": {"0": 0.24599458428188126, "1": 0.2606370012179422, "2": 0.24682395033588542, "3": 0.39848036524516495, "4": 0.4223368747030998, "5": 0.3211984695840785, "6": 0.25183135866987044, "7": 0.4027018656270875, "8": 0.29947191355645164, "9": 0.3260955021405191, "10": 0.4094052305197917, "11": 0.39079511188360666, "12": 0.3580622955343029, "13": 0.34557789070539296, "14": 0.39610283529404045}}