{"losses": {"0": 43.96045386791229, "1": 47.08254454135895, "2": 51.592709231376645, "3": 62.18641448020935, "4": 105.3350757241249, "5": 69.4268152475357, "6": 31.777297496795654, "7": 58.31126489639282, "8": 33.480921626091, "9": 60.55789722204209, "10": 50.3944929599762, "11": 78.3051101565361, "12": 60.38259135484695, "13": 46.48879021406174, "14": 30.999995613098143}, "std_losses": {"0": 23.746619613558796, "1": 35.275536919123525, "2": 41.41384901272955, "3": 41.578233147252575, "4": 43.946368547841764, "5": 49.87861173745689, "6": 10.229603812832448, "7": 41.721503176379585, "8": 27.61921848540861, "9": 54.25045112241038, "10": 35.04227086649654, "11": 44.2992842565278, "12": 37.066254647364524, "13": 39.07438713412563, "14": 24.850130092020894}, "accs": {"0": 0.4836006103963384, "1": 0.5189374543074207, "2": 0.1833527385065874, "3": 0.12543520204940847, "4": 0.6925510550853369, "5": 0.3343507616813611, "6": 0.18128163949198156, "7": 0.34339419113874986, "8": 0.583738986076096, "9": 0.4089581708528843, "10": 0.43562718252262467, "11": 0.7287463327711186, "12": 0.7905311673019464, "13": 0.5972722989997469, "14": 0.237166012325953}, "std_accs": {"0": 0.19834685568691535, "1": 0.19507358264905414, "2": 0.344670320333271, "3": 0.18976063748544825, "4": 0.17278733484362732, "5": 0.32681254782182145, "6": 0.15912186072864962, "7": 0.28102080430348075, "8": 0.30407332273148846, "9": 0.3539057038019961, "10": 0.3577839346240578, "11": 0.3529762867397055, "12": 0.17721535463867744, "13": 0.32312321156116464, "14": 0.28030814872762544}}