{"losses": {"0": 9.930429458618164, "1": 8.34262170791626, "2": 6.769780063629151, "3": 7.588297510147095, "4": 7.938759517669678, "5": 9.353467750549317, "6": 6.892159652709961, "7": 7.356417202949524, "8": 6.78939962387085, "9": 8.698312377929687, "10": 5.859566783905029, "11": 5.671952915191651, "12": 7.130363464355469, "13": 8.609307670593262, "14": 8.137693214416505}, "std_losses": {"0": 2.5408529680491987, "1": 1.1013059370943836, "2": 1.05883629894093, "3": 3.0198991905955004, "4": 2.626344204033767, "5": 2.0698359738386425, "6": 2.828372949989506, "7": 4.089404766943517, "8": 1.8928991216601962, "9": 2.32573102045683, "10": 1.1505182952864494, "11": 1.2268230586840307, "12": 2.5520239423374833, "13": 3.7545091061270273, "14": 2.951069364025699}, "accs": {"0": 0.8862329438330028, "1": 0.8604350778315126, "2": 0.8403554303353982, "3": 0.9260146198845085, "4": 0.9398686592941402, "5": 0.9392692723411992, "6": 0.8808756569304437, "7": 0.9384968206269209, "8": 0.9476597378700099, "9": 0.955481911427382, "10": 0.9657601391451127, "11": 0.945071082861644, "12": 0.8057183797722065, "13": 0.8944719843897266, "14": 0.9426086265446626}, "std_accs": {"0": 0.0969336675882338, "1": 0.06785258938532024, "2": 0.06520145448519618, "3": 0.0761720401575591, "4": 0.044769236908365505, "5": 0.06285595343727676, "6": 0.10605248463384487, "7": 0.0630415739741177, "8": 0.059281447684684366, "9": 0.022567699201561126, "10": 0.027928290489865733, "11": 0.04449768100896313, "12": 0.2511239029268113, "13": 0.06934417630402114, "14": 0.03942064855030255}}