{"losses": {"0": 58.619932079315184, "1": 90.29422163963318, "2": 50.19095847606659, "3": 68.10025860071183, "4": 70.31074242591858, "5": 78.63948273658752, "6": 47.787608933448794, "7": 57.60904176235199, "8": 42.90569365024567, "9": 53.69156830310821, "10": 32.64408843517303, "11": 38.07025785446167, "12": 53.03259725570679, "13": 44.53539793491363, "14": 35.99516258239746}, "std_losses": {"0": 37.244864577428984, "1": 39.207907469201, "2": 35.47032135408741, "3": 26.03375990753703, "4": 31.89446609962625, "5": 54.94540307754714, "6": 22.45048307288003, "7": 29.459097360834814, "8": 41.45946104014804, "9": 23.82658819868794, "10": 24.649468057302, "11": 27.801638370523325, "12": 20.80862789750245, "13": 22.824487706733837, "14": 15.518995380241797}, "accs": {"0": 0.37645616668773546, "1": 0.31364233216814397, "2": 0.31764601866011216, "3": 0.34808586128766567, "4": 0.33427812066324614, "5": 0.25726549048273645, "6": 0.381304750538879, "7": 0.14897038722107542, "8": 0.48834469321279544, "9": 0.4732103754981127, "10": 0.44514273994939535, "11": 0.651889071489085, "12": 0.697453898864471, "13": 0.634811909618701, "14": 0.6469260183749418}, "std_accs": {"0": 0.28502244322699033, "1": 0.32837248334977553, "2": 0.3531467107220553, "3": 0.24424940358530045, "4": 0.2759869598399096, "5": 0.22306295135244109, "6": 0.35085559188717425, "7": 0.19590821825748417, "8": 0.2899532927219987, "9": 0.2676796177879326, "10": 0.2090354321255423, "11": 0.17998593553342943, "12": 0.20020531585775464, "13": 0.22639586508054074, "14": 0.29811342277899905}}