{"losses": {"0": 72.71209752559662, "1": 68.07493548393249, "2": 75.37828316688538, "3": 47.49679253101349, "4": 81.50231964588166, "5": 70.73610261678695, "6": 71.92022330760956, "7": 77.41767935752868, "8": 56.64903769493103, "9": 44.769926524162294, "10": 52.02304624319076, "11": 45.50931901931763, "12": 53.67627663612366, "13": 45.5734407544136, "14": 37.72176923155784}, "std_losses": {"0": 34.148384701452876, "1": 31.398479646827596, "2": 41.279575641314906, "3": 22.459109790579635, "4": 43.078155322249636, "5": 29.653461206108386, "6": 35.76399786619125, "7": 27.170562587811627, "8": 20.1056907624409, "9": 29.912599341860062, "10": 39.177059180718445, "11": 16.303116352913648, "12": 26.177135162290153, "13": 20.185844913735146, "14": 23.32444846046511}, "accs": {"0": 0.6075706148387179, "1": 0.23285314422333253, "2": 0.35229790154995594, "3": 0.22890625700142797, "4": 0.4676049410497779, "5": 0.34440499325730833, "6": 0.3394743816423114, "7": 0.6320739533676827, "8": 0.679552693838484, "9": 0.41663149092402596, "10": 0.4756544781357962, "11": 0.6113627197433493, "12": 0.6391661690002807, "13": 0.5603289401814224, "14": 0.7715322620987862}, "std_accs": {"0": 0.02827659467258878, "1": 0.2857632863273442, "2": 0.28978369710570084, "3": 0.3151169653485597, "4": 0.3532389999034738, "5": 0.425883143575384, "6": 0.35164917591432787, "7": 0.2263638310612145, "8": 0.22111774955774272, "9": 0.44752841299323287, "10": 0.404445844258052, "11": 0.3542107380539725, "12": 0.287754212559923, "13": 0.4553766573617959, "14": 0.17440803230975596}}