{
    "losses": {
        "0": 0.0676414490984473,
        "1": 0.07219676024385427,
        "2": 0.06688090629348548,
        "3": 0.06884731282014016,
        "4": 0.06297926415996712,
        "5": 0.06501615000595856,
        "6": 0.07319100334472542,
        "7": 0.06979542193898977,
        "8": 0.061337185587459306,
        "9": 0.06431536934019619,
        "10": 0.056353534840450435,
        "11": 0.06667361921860607,
        "12": 0.06620483232429744,
        "13": 0.043888467110762205,
        "14": 0.059765609612584814
    },
    "std_losses": {
        "0": 0.010537865743702142,
        "1": 0.003717259534946273,
        "2": 0.007675053424718602,
        "3": 0.005853329016599813,
        "4": 0.009568103212411746,
        "5": 0.0133109434994732,
        "6": 0.01320876972615283,
        "7": 0.011958276945455672,
        "8": 0.004369484958197824,
        "9": 0.017800589896791168,
        "10": 0.011772452539668375,
        "11": 0.015124153588025846,
        "12": 0.01985425309981286,
        "13": 0.0142792161459532,
        "14": 0.008035128477005462
    },
    "accs": {
        "0": 0.39832023668620975,
        "1": 0.04250135011716042,
        "2": 0.34292976298958866,
        "3": 0.2036743719300483,
        "4": 0.42091268091803913,
        "5": 0.28608476140867756,
        "6": 0.2474256497491857,
        "7": 0.40262272763356355,
        "8": 0.6232319783349887,
        "9": 0.3384064715003409,
        "10": 0.33576545366927596,
        "11": 0.2034321939694268,
        "12": 0.3334398208118813,
        "13": 0.7059299576847006,
        "14": 0.5782268401784965
    },
    "std_accs": {
        "0": 0.3394234367996131,
        "1": 0.05164288847184723,
        "2": 0.2865498633116689,
        "3": 0.1699403870890766,
        "4": 0.2935797028682401,
        "5": 0.3341779029303697,
        "6": 0.35335264456579457,
        "7": 0.3378617703251439,
        "8": 0.14359552332063374,
        "9": 0.2891406228776672,
        "10": 0.2915394853869848,
        "11": 0.28532151014271434,
        "12": 0.4059567291021903,
        "13": 0.15825692501334487,
        "14": 0.293852003466586
    }
}