{"losses": {"0": 0.134083331878375, "1": 0.12977682651740424, "2": 0.12932164639383323, "3": 0.14206331017915708, "4": 0.1276768087710088, "5": 0.14684942713445115, "6": 0.1144752053950516, "7": 0.1252813607394591, "8": 0.11835909056377347, "9": 0.11043359128664572, "10": 0.11113926080789578, "11": 0.10171075052095706, "12": 0.11302720109293338, "13": 0.1128650295808639, "14": 0.07918890505897262}, "std_losses": {"0": 0.009310095897620817, "1": 0.006551117789792698, "2": 0.02205282505319991, "3": 0.01761943256733689, "4": 0.023711878996950382, "5": 0.017312360597845546, "6": 0.025004618956336357, "7": 0.019252165365147338, "8": 0.032616625427562544, "9": 0.024038542847022077, "10": 0.015507464317327984, "11": 0.0230798707933932, "12": 0.039585595749724964, "13": 0.028978501334235213, "14": 0.03239209661809907}, "accs": {"0": 0.9783324055039099, "1": 1.2342939747093074, "2": 0.7698959289291992, "3": 0.28459241961718174, "4": 0.5747323828720117, "5": 0.6367324508121572, "6": 1.1452821774530666, "7": 0.6008410956057826, "8": 0.8611312766368092, "9": 1.0377350660169697, "10": 1.219070993982127, "11": 1.4247838970039914, "12": 1.1185112761737803, "13": 0.7584539011418441, "14": 1.3399055929896764}, "std_accs": {"0": 0.22459801167562968, "1": 0.16597948284795097, "2": 0.4474190936646954, "3": 0.38087229840829984, "4": 0.5576707331455757, "5": 0.5235987708808445, "6": 0.3562420918728286, "7": 0.520701479900405, "8": 0.686894591421144, "9": 0.73781632551179, "10": 0.34391448948086273, "11": 0.23515860494943178, "12": 0.5858236705862587, "13": 0.6045769690022952, "14": 0.6294007276613357}}