{"losses": {"0": 8.634587812423707, "1": 6.094180071353913, "2": 3.7498635590076446, "3": 8.163034391403198, "4": 7.635492515563965, "5": 5.2007483959198, "6": 18.12466354370117, "7": 7.944298481941223, "8": 21.163299751281738, "9": 14.587005615234375, "10": 5.8255776286125185, "11": 6.2581031799316404, "12": 7.548009212315082, "13": 3.6504885156129605, "14": 12.078142452239991, "15": 8.149135661125182, "16": 8.567595493793487, "17": 8.667774283140897, "18": 7.020606410503388, "19": 8.795201778411865, "20": 12.34520502090454, "21": 13.499662494659423, "22": 8.010335230827332, "23": 1.728626145608723, "24": 10.103957653045654, "25": 4.07366828918457, "26": 7.164260005950927, "27": 5.201786279678345, "28": 4.461873722076416, "29": 5.243421959877014, "30": 11.317077445983887, "31": 11.009918975830079, "32": 8.881856155395507, "33": 12.468921089172364, "34": 10.784137678146362, "35": 5.137746977806091, "36": 16.490182995796204, "37": 17.719813537597656, "38": 12.749012923240661, "39": 7.62424669265747, "40": 5.449612092971802, "41": 10.235040605068207, "42": 3.628774404525757, "43": 10.42562689781189, "44": 7.48581714630127, "45": 3.641198682785034, "46": 11.282874965667725, "47": 10.40539355278015, "48": 4.395290994644165, "49": 12.022530055046081, "50": 12.755922210216522, "51": 18.011094188690187, "52": 15.586949825286865, "53": 7.60043773651123, "54": 19.40509259700775, "55": 16.733107376098634, "56": 19.42231693267822, "57": 16.81114081144333, "58": 11.492909967899323, "59": 10.71374819278717, "60": 13.159766578674317, "61": 13.765355205535888, "62": 16.424635434150694, "63": 14.994427192211152, "64": 3.3241797566413878, "65": 12.772612178325653, "66": 19.288887786865235, "67": 13.139064812660218, "68": 23.2097163438797, "69": 11.819729995727538, "70": 16.250515174865722, "71": 15.656769943237304, "72": 8.664610338211059, "73": 24.358132672309875, "74": 13.640355157852174, "75": 12.642361164093018, "76": 14.082437014579773, "77": 12.105580615997315, "78": 9.427218580245972, "79": 7.703147268295288, "80": 11.256062746047974, "81": 12.948790311813354, "82": 6.312824714183807, "83": 20.45171375274658, "84": 14.706384897232056, "85": 22.355876302719118, "86": 9.491284561157226, "87": 13.006772518157959, "88": 6.405399513244629, "89": 12.560521364212036, "90": 5.068381703272462, "91": 17.651355678215623, "92": 14.467345130443572, "93": 7.152993154525757, "94": 18.906105649471282, "95": 7.705093598365783, "96": 7.011006855964661, "97": 5.76517436504364, "98": 8.40925121307373, "99": 5.610879945755005, "100": 30.220241928100585, "101": 6.787033295631408, "102": 10.607871842384338, "103": 11.943324702978135, "104": NaN, "105": NaN, "106": NaN, "107": NaN, "108": NaN, "109": NaN, "110": NaN, "111": NaN, "112": NaN, "113": NaN, "114": NaN, "115": NaN, "116": NaN, "117": NaN, "118": NaN, "119": NaN, "120": NaN, "121": NaN, "122": NaN, "123": NaN, "124": NaN, "125": NaN, "126": NaN, "127": NaN, "128": NaN, "129": NaN, "130": NaN, "131": NaN, "132": NaN, "133": NaN, "134": NaN, "135": NaN, "136": NaN, "137": NaN, "138": NaN, "139": NaN, "140": NaN, "141": NaN, "142": NaN, "143": NaN, "144": NaN, "145": NaN, "146": NaN, "147": NaN, "148": NaN, "149": NaN, "150": NaN, "151": NaN, "152": NaN, "153": NaN, "154": NaN, "155": NaN, "156": NaN, "157": NaN, "158": NaN, "159": NaN, "160": NaN, "161": NaN, "162": NaN, "163": NaN, "164": NaN, "165": NaN, "166": NaN, "167": NaN, "168": NaN, "169": NaN, "170": NaN, "171": NaN, "172": NaN, "173": NaN, "174": NaN, "175": NaN, "176": NaN, "177": NaN, "178": NaN, "179": NaN, "180": NaN, "181": NaN, "182": NaN, "183": NaN, "184": NaN, "185": NaN, "186": NaN, "187": NaN, "188": NaN, "189": NaN, "190": NaN, "191": NaN, "192": NaN, "193": NaN, "194": NaN, "195": NaN, "196": NaN, "197": NaN, "198": NaN, "199": NaN}, "std_losses": {"0": 5.160760523163892, "1": 3.587229549994214, "2": 3.6426830532371786, "3": 8.322336296869768, "4": 6.1060279635688515, "5": 3.605793813118646, "6": 13.395835704257575, "7": 4.3790566730861356, "8": 16.826274054625205, "9": 14.716335889502284, "10": 4.412910565365365, "11": 2.343533649186929, "12": 5.588374768868048, "13": 5.328976133133633, "14": 5.5922353672873095, "15": 6.637798990461203, "16": 9.128734338342946, "17": 7.6758217271558955, "18": 6.647616719752968, "19": 5.822613442624983, "20": 10.897151181330138, "21": 9.427400063165708, "22": 3.8996540716268955, "23": 1.732197146472449, "24": 6.542128085546984, "25": 3.0741311635758586, "26": 3.4580074807202146, "27": 1.6387234624555047, "28": 3.2379685971507874, "29": 2.7187364503668565, "30": 9.964549377264683, "31": 7.105848757959668, "32": 6.883187745859781, "33": 5.414879952726979, "34": 7.108763847058269, "35": 3.2545855538495556, "36": 15.618818295272966, "37": 17.94498115076651, "38": 11.45876197195237, "39": 3.139853182003697, "40": 3.4256608188785655, "41": 9.946013998327325, "42": 1.7283328353127474, "43": 7.543439894838744, "44": 6.493655889826435, "45": 1.6928693096753575, "46": 5.4824010979296425, "47": 5.125290987561233, "48": 2.0731535602378743, "49": 10.866575049091386, "50": 8.380131642770982, "51": 23.97234744210172, "52": 5.6517917451562925, "53": 6.916740928865438, "54": 17.982180966467457, "55": 7.820985292927047, "56": 12.6030973997801, "57": 20.087390991716163, "58": 7.696040711570995, "59": 7.80759042565191, "60": 2.6489965251841285, "61": 6.5317881154505395, "62": 21.239731314567365, "63": 14.698801739752183, "64": 3.1343329613146165, "65": 9.80522159778563, "66": 15.478526568200504, "67": 14.640438499290136, "68": 31.87486815971792, "69": 8.985135574157512, "70": 14.943066500961082, "71": 11.584616573036495, "72": 6.620035648580557, "73": 17.57549407717566, "74": 11.057679732938725, "75": 10.947956105688364, "76": 9.737573281758221, "77": 7.013473477803763, "78": 7.312216292401033, "79": 5.694294543163447, "80": 10.578395578678803, "81": 9.993159070211133, "82": 8.250741444919475, "83": 12.802274413693798, "84": 19.38473048903453, "85": 17.230368179731492, "86": 6.00122311995624, "87": 6.772689477712798, "88": 6.177937806868219, "89": 10.395513205531739, "90": 4.515234566712211, "91": 17.87581142229325, "92": 18.78313128207871, "93": 6.0275053370664615, "94": 15.331248083746598, "95": 5.662220102326878, "96": 5.57612370570345, "97": 3.104056756579003, "98": 8.178097699096856, "99": 4.457587052017429, "100": 17.677761213617682, "101": 5.894975453458171, "102": 10.754275113991325, "103": 12.505195819630446, "104": NaN, "105": NaN, "106": NaN, "107": NaN, "108": NaN, "109": NaN, "110": NaN, "111": NaN, "112": NaN, "113": NaN, "114": NaN, "115": NaN, "116": NaN, "117": NaN, "118": NaN, "119": NaN, "120": NaN, "121": NaN, "122": NaN, "123": NaN, "124": NaN, "125": NaN, "126": NaN, "127": NaN, "128": NaN, "129": NaN, "130": NaN, "131": NaN, "132": NaN, "133": NaN, "134": NaN, "135": NaN, "136": NaN, "137": NaN, "138": NaN, "139": NaN, "140": NaN, "141": NaN, "142": NaN, "143": NaN, "144": NaN, "145": NaN, "146": NaN, "147": NaN, "148": NaN, "149": NaN, "150": NaN, "151": NaN, "152": NaN, "153": NaN, "154": NaN, "155": NaN, "156": NaN, "157": NaN, "158": NaN, "159": NaN, "160": NaN, "161": NaN, "162": NaN, "163": NaN, "164": NaN, "165": NaN, "166": NaN, "167": NaN, "168": NaN, "169": NaN, "170": NaN, "171": NaN, "172": NaN, "173": NaN, "174": NaN, "175": NaN, "176": NaN, "177": NaN, "178": NaN, "179": NaN, "180": NaN, "181": NaN, "182": NaN, "183": NaN, "184": NaN, "185": NaN, "186": NaN, "187": NaN, "188": NaN, "189": NaN, "190": NaN, "191": NaN, "192": NaN, "193": NaN, "194": NaN, "195": NaN, "196": NaN, "197": NaN, "198": NaN, "199": NaN}, "accs": {"0": 0.9178131667868925, "1": 0.9606021550801532, "2": 0.9796907486579511, "3": 0.9608376613639772, "4": 0.9235003202548991, "5": 0.9736731548225656, "6": 0.8850073770144149, "7": 0.9272733729549195, "8": 0.9532448696177976, "9": 0.9526340422319552, "10": 0.9556779665276703, "11": 0.8828576270791787, "12": 0.9404871028059434, "13": 0.9755770980700831, "14": 0.970787385884924,