{"losses": {"0": 8.595171165466308, "1": 9.362637805938721, "2": 8.217701148986816, "3": 6.862496757507325, "4": 7.685219764709473, "5": 6.710802268981934, "6": 7.401643753051758, "7": 7.1213634490966795, "8": 6.980739402770996, "9": 6.345720338821411, "10": 6.297787284851074, "11": 5.995792627334595, "12": 6.074627685546875, "13": 5.779216003417969, "14": 6.105416011810303}, "std_losses": {"0": 2.293026489869822, "1": 1.9101113058736103, "2": 2.551734821090607, "3": 2.853494400075992, "4": 1.9734139368935981, "5": 2.52740667499535, "6": 2.1317375747421186, "7": 1.5475242665334423, "8": 1.7993853626021905, "9": 1.6908896032075598, "10": 0.4366887552192231, "11": 2.5308718365522127, "12": 1.2176842632757992, "13": 1.302150821907219, "14": 0.7273290274238463}, "accs": {"0": 0.9232215771260291, "1": 0.8766101964916692, "2": 0.9309807743476644, "3": 0.9523582053978507, "4": 0.9123112802848963, "5": 0.9217874020075303, "6": 0.926142245465606, "7": 0.8899620216578457, "8": 0.9153317114127718, "9": 0.9056498760131515, "10": 0.9468772999534224, "11": 0.9093019376448016, "12": 0.9392209630908418, "13": 0.9552212414784241, "14": 0.9099657299204018}, "std_accs": {"0": 0.056643789630667005, "1": 0.11599124411474439, "2": 0.03220011833274198, "3": 0.05534508198349361, "4": 0.05934038314321158, "5": 0.07524872764122861, "6": 0.04578802636489437, "7": 0.035996455436360375, "8": 0.09088480316924433, "9": 0.0671455534533807, "10": 0.04963597053911074, "11": 0.07996535430808525, "12": 0.04584092310898523, "13": 0.017211619909526975, "14": 0.08127045552482069}}