{
    "losses": {
        "0": 0.07248780571445244,
        "1": 0.06827634735925486,
        "2": 0.06225192416355911,
        "3": 0.07088808375222362,
        "4": 0.07167004751814392,
        "5": 0.07081858029560402,
        "6": 0.06660633767574463,
        "7": 0.06735587307485495,
        "8": 0.06539670172167314,
        "9": 0.054266136541879784,
        "10": 0.06446636814057138,
        "11": 0.052896089934456825,
        "12": 0.04726985983306374,
        "13": 0.06117135644764711,
        "14": 0.05122572628850349
    },
    "std_losses": {},
    "accs": {
        "0": 0.2707211603473851,
        "1": 0.3325069821889957,
        "2": 0.3911214428458433,
        "3": 0.2358153320770194,
        "4": 0.2260331240188383,
        "5": 0.13796735050913686,
        "6": 0.3447612698676866,
        "7": 0.5000070233046368,
        "8": 0.4593152726057609,
        "9": 0.47359118643884435,
        "10": 0.40610103057394686,
        "11": 0.6466793214668192,
        "12": 0.8174443764629042,
        "13": 0.36657148565055186,
        "14": 0.5762379408616585
    },
    "std_accs": {}
}